{"cameraMode":{"drawMode":0,"name":"Shaded","section":"Shading Mode"},"sceneLighting":false,"audioPlay":false,"sceneViewState":{"showFog":true,"showMaterialUpdate":false,"showSkybox":false,"showFlares":true,"showImageEffects":true,"showParticleSystems":true},"in2DMode":false,"pivot":{"x":-3.8721001148223879,"y":-3.4800000190734865,"z":0.0},"rotation":{"x":-0.2161630243062973,"y":0.46723484992980959,"z":-0.11896122992038727,"w":-0.8490069508552551},"size":3.8085460662841799,"orthographic":false}